{
    "base_altitude": 155.57165040410317,
    "base_center": [
        290503.5440905791,
        4499738.909693866
    ],
    "base_width": 8.595251613189307,
    "bearing": 111.02392339632159,
    "concrete_height": 0.3729580665793719,
    "epsg_code": 32616,
    "lightning_rod_height": null,
    "nLegs": 3,
    "top_altitude": 226.07185340173544,
    "top_appurtenance_height": -0.6414612563266928,
    "top_steel_elevation": 70.50020299763227,
    "top_width": 1.8449825044617645,
    "tower_tilt_x": 0.8219170095849297,
    "tower_tilt_y": 1.9693352733910003,
    "tower_vertical_segments": [
        {
            "altitude_bottom": 218.21422629767184,
            "altitude_top": 226.07185340173544,
            "height": 7.857627104063596,
            "width_bottom": 1.8873670122625543,
            "top_width": 1.8449825044617645
        },
        {
            "altitude_bottom": 212.55184291298966,
            "altitude_top": 218.21422629767184,
            "height": 5.662383384682187,
            "width_bottom": 2.436852982452889,
            "top_width": 1.8873670122625543
        },
        {
            "altitude_bottom": 172.75073500097642,
            "altitude_top": 212.55184291298966,
            "height": 39.80110791201324,
            "width_bottom": 6.487062580878467,
            "top_width": 2.4084295175791386
        },
        {
            "altitude_bottom": 155.57165040410317,
            "altitude_top": 172.75073500097642,
            "height": 17.189084596873244,
            "width_bottom": 8.595251613189307,
            "top_width": 6.509560700009025
        }
    ],
    "type": "lattice"
}